<?xml version="1.0" encoding="UTF-8" standalone="yes"?>
<addon id="repository.godi" name="godi" version="0.0.1" provider-name="gazog">
	<extension point="xbmc.addon.repository" name="godi">
		<dir>
			<info compressed="false">https://offshoregit.com/tvaresolvers/tva-common-repository/raw/master/addons.xml</info>
			<checksum>https://offshoregit.com/tvaresolvers/tva-common-repository/raw/master/addons.xml.md5</checksum>
			<datadir zip="true">https://offshoregit.com/tvaresolvers/tva-common-repository/raw/master/zips/</datadir>
		</dir>
		<dir>
			<info compressed="false">https://raw.githubusercontent.com/noobsandnerds/modules4all/master/zips/addons.xml</info>
			<checksum>https://raw.githubusercontent.com/noobsandnerds/modules4all/master/zips/addons.xml.md5</checksum>
			<datadir zip="true">https://raw.githubusercontent.com/noobsandnerds/modules4all/master/zips/</datadir>
		</dir>
		<info compressed="false">https://raw.githubusercontent.com/GAZEVO/repository.godi/master/zips/addons.xml</info>
		<checksum>https://raw.githubusercontent.com/GAZEVO/repository.godi/master/zips/addons.xml.md5</checksum>
		<datadir zip="true">https://raw.githubusercontent.com/GAZEVO/repository.godi/master/zips/</datadir>
	</extension>
	<extension point="xbmc.addon.metadata">
		<summary lang="en">an entertainment repository</summary>
		<description lang="en">Full Entertainment repository of Movies TV shows and music</description>
		<genre>kids,livetv,movies,music,tvshows,asian,belgian,canadian,dutch,finnish,french,greek,hebrew,icelandic,irish,italian,norwegian,polish,spanish,swedish,uk,usa</genre>
	</extension>
</addon>